{"duration": 0.05286717414855957, "input_args": {"word": "'Bad Behaviour'"}, "time": 1779021870.9900362}