{"duration": 0.03241109848022461, "input_args": {"word": "'Interception'"}, "time": 1779021799.3954203}