{"duration": 0.030919551849365234, "input_args": {"word": "'Injury Stoppage'"}, "time": 1779021814.666121}