{"duration": 0.03127861022949219, "input_args": {"word": "'Player Off'"}, "time": 1779021814.7858467}