{"duration": 0.03836393356323242, "input_args": {"word": "'Clearance'"}, "time": 1779021799.700753}