{"duration": 0.04293560981750488, "input_args": {"word": "'Dispossessed'"}, "time": 1779021812.0065904}