{"duration": 0.03256344795227051, "input_args": {"word": "'Duel'"}, "time": 1779021798.9623773}