{"duration": 0.05275750160217285, "input_args": {"word": "'Foul Won'"}, "time": 1779021802.6854959}