{"duration": 0.0444793701171875, "input_args": {"word": "'Dribbled Past'"}, "time": 1779021807.160799}