{"duration": 0.0660698413848877, "input_args": {"word": "'Error'"}, "time": 1779025238.5568585}