{"duration": 0.050911664962768555, "input_args": {"word": "'Own Goal Against'"}, "time": 1779027377.811996}