{"duration": 0.05292868614196777, "input_args": {"word": "'Starting XI'"}, "time": 1779021797.5776591}