{"duration": 0.03281998634338379, "input_args": {"word": "'Pressure'"}, "time": 1779021798.3034923}