{"duration": 0.055325984954833984, "input_args": {"word": "'Shot'"}, "time": 1779021801.57746}