{"duration": 0.05249381065368652, "input_args": {"word": "'Player On'"}, "time": 1779021815.6370044}