{"duration": 0.05625128746032715, "input_args": {"word": "'Referee Ball-Drop'"}, "time": 1779022475.1927521}