{"duration": 0.05216050148010254, "input_args": {"word": "'Ball Recovery'"}, "time": 1779021801.0061698}