{"duration": 0.034818410873413086, "input_args": {"word": "'Ball Receipt*'"}, "time": 1779021797.882023}