{"duration": 0.05276823043823242, "input_args": {"word": "'Own Goal For'"}, "time": 1779027377.705993}