{"duration": 0.033797502517700195, "input_args": {"word": "'Shield'"}, "time": 1779021873.1253896}