{"duration": 0.045613765716552734, "input_args": {"word": "'Dribble'"}, "time": 1779021807.2568862}