{"duration": 0.057164669036865234, "input_args": {"word": "'50/50'"}, "time": 1779022407.1255436}