{"duration": 0.03733515739440918, "input_args": {"word": "'Goal Keeper'"}, "time": 1779021799.5878813}