{"duration": 0.03229403495788574, "input_args": {"word": "'Half End'"}, "time": 1779021863.3713472}