{"duration": 0.05243325233459473, "input_args": {"word": "'Offside'"}, "time": 1779022432.00429}