{"duration": 0.036264896392822266, "input_args": {"word": "'Half Start'"}, "time": 1779021797.7012901}