{"duration": 0.052900075912475586, "input_args": {"word": "'Substitution'"}, "time": 1779021849.5843954}