{"duration": 0.0462803840637207, "input_args": {"word": "'Block'"}, "time": 1779021807.4324615}