{"duration": 0.05333447456359863, "input_args": {"word": "'Tactical Shift'"}, "time": 1779021864.5239773}