{"duration": 0.03313398361206055, "input_args": {"word": "'Carry'"}, "time": 1779021798.0747657}