{"duration": 0.0337834358215332, "input_args": {"word": "'Pass'"}, "time": 1779021797.8061335}