{"duration": 0.03304600715637207, "input_args": {"word": "'Miscontrol'"}, "time": 1779021798.8344088}